,Tweets,len,ID,Date,Source,Likes,coordinates,timestamp,SA
0,"Cent dies d'infàmia, d'injustícia, d'indefensió, d'escarni i de venjança. Una abominació del concepte de justícia i… https://t.co/zUlHu9zhDS",140,956075747088662529,2018-01-24 08:06:35,Twitter for Android,5725,,2018-01-24,0
1,RT @parlament_cat: El Butlletí Oficial del #Parlament publica la proposta de @KRLS Puigdemont com a candidat per ser investit president de…,139,956073123337687041,2018-01-24 07:56:10,Twitter for Android,0,,2018-01-24,0
2,Algun dia entendran que no tenim cap problema amb Espanya ni amb la seva bandera. La batalla és contra qui exerceix… https://t.co/cyS7uDNddh,140,955781533834645505,2018-01-23 12:37:29,Twitter for Android,37884,,2018-01-23,0
3,"Els cops de porra de l'#1Oct no varen marcar només la pell, van deixar una marca inesborrable en la memòria i l'esp… https://t.co/aWsF0FK9Fr",140,955730580330688513,2018-01-23 09:15:01,Twitter for Android,14038,,2018-01-23,0
4,"RT @jordialapreso: Demà farà 100 dies que espero la #llibertat. Seguiré pacient esperant, i quan arribi, sortiré per seguir fent camí amb t…",140,955729594484711425,2018-01-23 09:11:06,Twitter for Android,0,,2018-01-23,1
5,"?? “We will not surrender to authoritarianism”

https://t.co/y8K33LO2vm",71,955537340071600128,2018-01-22 20:27:09,Twitter Web Client,13204,,2018-01-22,0
6,RT @uni_copenhagen: The Catalan leader Carles Puigdemont @KRLS discusses the current political situation in Catalonia and Europe  - follow…,139,955427218062110720,2018-01-22 13:09:34,Twitter for Android,0,,2018-01-22,0
7,"Arribat a #København. A les 14h participo al debat ""Catalonia and Europe at a crossroads for democracy"" a la… https://t.co/25gc3UiOyP",133,955354470833106945,2018-01-22 08:20:30,Twitter for Android,15332,,2018-01-22,0
8,"Arrimadas, Rivera i Albiol encapçalant una manifestació amb qui demana boicot a productes catalans i agraint el pap… https://t.co/aMVCxulEmH",140,955050333700546560,2018-01-21 12:11:58,Twitter for Android,23540,,2018-01-21,0
9,"Lideratge, honestedat, determinació i humilitat. Gràcies @MiquelBuch per tots aquests anys de servei impecable.

En… https://t.co/hFAdLuksvB",140,954742985845104640,2018-01-20 15:50:40,Twitter for Android,4653,,2018-01-20,0
10,RT @324cat: Demanen la compareixença de Zoido per la relació del CNI amb l'imam de Ripoll https://t.co/q9U6ugXRjW https://t.co/24F05yVR4H,137,954741978691928064,2018-01-20 15:46:40,Twitter for Android,0,,2018-01-20,0
11,RT @JaumeAlonsoCuev: El 15 de desembre vaig presentar a Fiscalia denúncia per amenaces i incitació a l’odi contra el President Puigdemont f…,140,954741750354141184,2018-01-20 15:45:46,Twitter for Android,0,,2018-01-20,0
12,RT @pelledragsted: In october I met president Puigdemont in the Palau del Generalitat. I look forward to welcome him in the Danish Parliame…,140,954741122093502464,2018-01-20 15:43:16,Twitter for Android,0,,2018-01-20,1
13,Amb 70 diputats hem de rendir-nos al que imposin 4? A allò que imposi Madrid? Ni el Rei té dret a subvertir la volu… https://t.co/iWEbXOTMXi,140,954351211737690112,2018-01-19 13:53:54,Twitter Web Client,19850,,2018-01-19,0
14,87 millones para evitar el #1Oct. 30.000 millones para el ejército. 63 millones para comprar silencios a terceros.… https://t.co/7MNbEtm94E,139,954074852817711104,2018-01-18 19:35:45,Twitter for Android,20176,,2018-01-18,0
15,RT @hrw: Spanish police engaged in excessive force when confronting demonstrators in Catalonia during a disputed referendum on Catalonia’s…,139,954074150582317056,2018-01-18 19:32:57,Twitter for Android,0,,2018-01-18,-1
16,"RT @CridaDemocracia: ? [DESMUNTANT ZOIDO]

Zoido ha comparegut al Senat i ho ha fet per mentir sobre l'1-O, menyspreant els ferits, crimina…",140,954074093409759234,2018-01-18 19:32:44,Twitter for Android,0,,2018-01-18,0
17,Parlen de la composició del @parlament_cat i són incapaços d'utilitzar termes polítics. El seu militarisme instituc… https://t.co/aCYqIFxf8P,140,953920430418616320,2018-01-18 09:22:08,Twitter for Android,7981,,2018-01-18,0
18,RT @publico_es: El silencio de Letonia sobre Catalunya que Rajoy compró con tropas costó 63 millones https://t.co/EkHYlaWVbt Por @CdelCasti…,140,953919091659673601,2018-01-18 09:16:49,Twitter for Android,0,,2018-01-18,0
19,RT @VilaWeb: [VÍDEO] El primer ministre d’Irlanda demana a Rajoy que dialogui amb @KRLS Puigdemont des del parlament europeu @campaignforle…,140,953718706642784256,2018-01-17 20:00:33,Twitter for Android,0,,2018-01-17,0
20,RT @naciodigital: L'exministre d'Exteriors eslovè replica a la CE que Puigdemont (@KRLS) és un «líder elegit democràticament» i no «un crim…,140,953718656126607360,2018-01-17 20:00:21,Twitter for Android,0,,2018-01-17,0
21,"RT @elnacionalcat: Toc d'atenció del Fòrum Econòmic Mundial a Espanya, per la tensió amb Catalunya https://t.co/KmVT1f0cMh",122,953718035520647169,2018-01-17 19:57:53,Twitter for Android,0,,2018-01-17,0
22,RT @JuntsXCat: Moment en el qual el president @KRLS felicita @rogertorrent just després de ser elegit president del @parlament_cat https://…,140,953620378492067841,2018-01-17 13:29:50,Twitter for Android,0,,2018-01-17,0
23,Moltes felicitats @rogertorrent11 Ets un digne president del @parlament_cat Estic convençut que exerciràs el càrrec… https://t.co/fw8idrPQFG,140,953592235265839104,2018-01-17 11:38:00,Twitter for Android,13093,,2018-01-17,0
24,RT @jorditurull: Un honor ser un dels diputats escollits pel poble de Catalunya. Però no hi som tots els que han escollit els  ciutadans.…,138,953590629581369344,2018-01-17 11:31:37,Twitter for Android,0,,2018-01-17,0
25,Moltes gràcies @sergipinkman per cedir aquest impressionant vídeo. El compromís i la determinació de les noves gene… https://t.co/mm8wJIS8un,140,953543864727625729,2018-01-17 08:25:47,Twitter for Android,6696,,2018-01-17,0
26,"Només entenen de por, violència i imposició. Els ensenyarem que no hi ha res que pugui doblegar l'esperit d'un pobl… https://t.co/eMzTgz8OpZ",140,953539389136822272,2018-01-17 08:08:00,Twitter for Android,18255,,2018-01-17,0
27,RT @jordialapreso: M’agradaria compartir aquest moment de la nova legislatura del @parlament_cat amb TOTS els diputats en #llibertat. Encer…,140,953534866976624640,2018-01-17 07:50:02,Twitter for Android,0,,2018-01-17,0
28,"RT @assemblea: ??3 mesos sense vosaltres, @jordialapreso i @jcuixart, som aquí i hi seguirem ? 
? Demà, a les 10 h, recuperem el Parlament!…",140,953534844734201856,2018-01-17 07:49:57,Twitter for Android,0,,2018-01-17,0
29,"RT @joseprull: Quan es pretén situar la unitat d’Espanya per sobre de drets fonamentals, per sobre de la llibertat, Espanya i Europa tenen…",139,953534527024005120,2018-01-17 07:48:41,Twitter for Android,0,,2018-01-17,0
30,"Estimats Jordis, si la justícia existís, estaríeu abraçant la família i respirant l'aire de la nostra terra, que us… https://t.co/m3P5H44NQr",140,953241569339019264,2018-01-16 12:24:35,Twitter for Android,18163,,2018-01-16,0
31,"RT @aleixsarri: Op-ed at @FT: ""The argument that the EU is guilty of double standards is bolstered by events in Spain, where elected politi…",140,953239663317266434,2018-01-16 12:17:00,Twitter for Android,0,,2018-01-16,-1
32,"RT @dirkvdbogaert: Bart De Wever, voorzitter #NVA, eist vrijlating #Catalaanse leiders. https://t.co/s9EuqkV3sz",111,953239631893590017,2018-01-16 12:16:53,Twitter for Android,0,,2018-01-16,0
33,RT @joseprull: No fos cas que se sabés la veritat... https://t.co/KaftU78rKK,76,953239338531348480,2018-01-16 12:15:43,Twitter for Android,0,,2018-01-16,0
34,.@marianorajoy ha tret 4 diputats el #21D i continua governant Catalunya des de Madrid. Que sigui demòcrata i respe… https://t.co/3bOWoL82w6,140,952886663537217536,2018-01-15 12:54:19,Twitter for Android,10925,,2018-01-15,0
35,"De Zayas: ""Espanya té presos polítics i la UE i l’ONU callen. Són presos polítics perquè se’ls acusa de defensar un… https://t.co/xzpJItZGS0",140,952833296521662464,2018-01-15 09:22:15,Twitter for Android,12770,,2018-01-15,0
36,"RT @lluis_llach: Hola Jordis, Oriol i Quim a la presó. Carles, Meritxell, Toni, Clara i Lluís a l'exili. Penso q potser no és tan important…",140,952831864594628608,2018-01-15 09:16:33,Twitter for Android,0,,2018-01-15,1
37,RT @Well086: España siempre ha tratado a Catalunya con proporcionalidad: https://t.co/Te7dha7nl1,96,952831837726011392,2018-01-15 09:16:27,Twitter for Android,0,,2018-01-15,0
38,"RT @joseprull: ""La unidad de la patria"" com a única raó. Val la pena llegir-lo. https://t.co/syD0NSyOTe",103,952831687976734720,2018-01-15 09:15:51,Twitter for Android,0,,2018-01-15,0
39,"Els hauria de caure tot el pes de la llei, però en l'actual règim espanyol només notaran el pes de les medalles del… https://t.co/HP6GVQUPj2",140,952579708474085378,2018-01-14 16:34:35,Twitter for Android,19727,,2018-01-14,0
40,"Deixeu-los que facin, no perdeu temps i energies a contestar-los. El club del 155 busca com digerir la seva derrota… https://t.co/qvunyzOkXk",140,952249168256487425,2018-01-13 18:41:08,Twitter for Android,15638,,2018-01-13,0
41,"RT @JuntsXCat: ?? Reunió del nostre grup parlamentari a Brussel·les, encapçalada pel president @KRLS https://t.co/1z5r3m8Ior",124,952248045412016133,2018-01-13 18:36:40,Twitter for Android,0,,2018-01-13,0
42,RT @jordialapreso: El TS decideix sobre la nostra llibertat. Sigui quina sigui la decisió us demano civisme y confiança en les institucions…,140,952247969687986176,2018-01-13 18:36:22,Twitter for Android,0,,2018-01-13,0
43,"Compartir la sang és compartir la vida. Si voleu, segur que podreu trobar una estona per fer el gest més solidari q… https://t.co/LEyseEZyGz",140,951795003092885504,2018-01-12 12:36:26,Twitter for Android,4937,,2018-01-12,0
44,"RT @joseprull: L'aeroport de BCN bat un cop més el seu propi rècord i tanca el 2017 amb 47,2M de passatgers, un 7,1% més respecte del 2016.…",140,951786803031412737,2018-01-12 12:03:51,Twitter for Android,0,,2018-01-12,0
45,#RepúblicaCatalana ? https://t.co/iVrJQtLL6a,44,951736263308120064,2018-01-12 08:43:02,Twitter for Android,11925,,2018-01-12,0
46,"(3) I si PSC, PP i Ciudadanos, amb l'ajuda inestimable dels seus mitjans, no haguessin omplert cada dia els diaris… https://t.co/tTX6nMtLHm",139,951524546200391680,2018-01-11 18:41:44,Twitter for Android,9376,,2018-01-11,0
47,"(2) Si els tribunals espanyols no mantinguessin innocents a presó, no podríeu intentar mantenir el que  vau usurpar… https://t.co/G1G4LTJfJP",140,951524542102560768,2018-01-11 18:41:43,Twitter for Android,8784,,2018-01-11,0
48,"(1) Si la majoria de la ciutadania no hagués votat República, podríeu governar. Si les dades no indiquessin el cont… https://t.co/PyBIdV9zeu",140,951524523525988353,2018-01-11 18:41:39,Twitter for Android,13208,,2018-01-11,0
49,#Catalonia won’t be silenced  https://t.co/JxIarmWItv,53,951043786158862337,2018-01-10 10:51:22,Twitter for Android,11385,,2018-01-10,0
50,"RT @jorditurull: Avui fa dos anys que el Parlament de Catalunya va escollir el 130è President de la Generelitat de Catalunya, el Molt Honor…",140,951043336936263681,2018-01-10 10:49:35,Twitter for Android,0,,2018-01-10,0
51,El meu compromís està intacte i treballaré per defensar la legitimitat de les nostres institucions. Tornaré amb tot… https://t.co/sXTNMBpWXB,140,950831038397321216,2018-01-09 20:45:59,Twitter for Android,16827,,2018-01-09,0
52,"RT @JuntsXCat: ?? Comença la intervenció del president @KRLS en l'acte de Montpeller que debat sobre la situació que viu Catalunya. 

? En…",139,950804510246662145,2018-01-09 19:00:34,Twitter for Android,0,,2018-01-09,0
53,"RT @senseficcio: Fa només tres mesos, més de dos milions de persones van votar en el referèndum de l'1 d'octubre.  El documental ""1-0"" del…",139,950675082980089858,2018-01-09 10:26:17,Twitter for Android,0,,2018-01-09,0
54,"Ha mort el conseller Antoni Subirà. Li devem moltes coses, especialment el paper internacional exitós de Catalunya… https://t.co/9NwcKj6wpS",139,950089854112747520,2018-01-07 19:40:47,Twitter for Android,8895,,2018-01-07,0
55,"De les coses que s'han de corregir a Europa, la política de refugiats hauria de ser la primera. El Mediterrani ha d… https://t.co/ztSMkiaYnK",140,950005794971537409,2018-01-07 14:06:46,Twitter for Android,12320,,2018-01-07,0
56,"RT @jorditurull: Querelles, 155, empresonaments, i ara... de nou l’exèrcit. Heus aquí la proposta de l’Estat per Catalunya. Menys amenaces…",139,950004886682394625,2018-01-07 14:03:09,Twitter for Android,0,,2018-01-07,0
57,RT @nytimesworld: King Juan Carlos came to Spain's throne with almost no money in 1975. Now the family's wealth is up to $2.3 billion http:…,140,950004268932755457,2018-01-07 14:00:42,Twitter for Android,0,,2018-01-07,0
58,"RT @ganyet: Muntar claveguera: 200.000 € any de sou + 82.054 € mes de lloguer a Central Park. 

Per tota la resta: Estremera.
 https://t.co…",140,950004218831745025,2018-01-07 14:00:30,Twitter for Android,0,,2018-01-07,0
59,"The Spanish Supreme Court is a disgrace that any democrat would feel ashamed of, because it is a mockery of justice… https://t.co/lWtsotYMRg",140,949325480318193666,2018-01-05 17:03:26,Twitter for Android,10462,,2018-01-05,0
60,"RT @junqueras: Junqueras:

""En aquests dies que vindran, mantingueu-vos forts i units. Transformeu la indignació en coratge i perseverança.…",140,949325059054800903,2018-01-05 17:01:46,Twitter for Android,0,,2018-01-05,0
61,La interlocutòria del Tribunal Suprem és un escàndol que fa avergonyir qualsevol demòcrata amb un mínim sentit de l… https://t.co/bJygXYjDcl,140,949290333061468161,2018-01-05 14:43:47,Twitter for Android,25957,,2018-01-05,0
62,Hi ha un conflicte a resoldre entre Catalunya i Espanya. Nosaltres hem apostat sempre per la via pacífica i el diàl… https://t.co/S8Nf8NWLni,140,949251306354544642,2018-01-05 12:08:42,Twitter for Android,15597,,2018-01-05,0
63,"RT @assemblea: ? Aquest dijous a les 20 h, sigui quina sigui la decisió del TS, tots a les capitals de comarca ? Som al teu costat, @junque…",140,948874711118897152,2018-01-04 11:12:15,Twitter for Android,0,,2018-01-04,0
64,"El que s'explica i es debat als Estats Units, a Espanya en diuen adocritament i et porta a declarar davant de la Gu… https://t.co/JF5AFBeX2x",140,948496739689955328,2018-01-03 10:10:19,Twitter for Android,12302,,2018-01-03,0
65,RT @joseprull: Podrien deixar que quatre pares innocents (dos dels quals amb fills petits) poguessin gaudir de la cavalcada dels Reis Mags…,139,948495585178476545,2018-01-03 10:05:44,Twitter for Android,0,,2018-01-03,0
66,"RT @speechanddebate: The 2018 January PF topic is, Resolved: Spain should grant Catalonia its independence. 407 schools and 1,502 students…",139,948495565578539015,2018-01-03 10:05:39,Twitter for Android,0,,2018-01-03,0
67,RT @324cat: 33 dels 40 programes més vistos de l'any a Catalunya són de TV3. A més som la cadena generalista més ben valorada pels espectad…,140,948495452072181760,2018-01-03 10:05:12,Twitter for Android,0,,2018-01-03,0
68,RT @ARTEfr: Barcelone VS Madrid : une civilisation fragmentée par deux idéaux. ?? https://t.co/62xhiZNrW6 https://t.co/tkFzoqOMuw,129,948495237202300930,2018-01-03 10:04:21,Twitter for Android,0,,2018-01-03,0
69,"RT @vilallongapac: Atenció a la dada: l'Estat ha de demanar un préstec de 16.000M€ per pagar les pensions de 2018. O sigui, el sistema de p…",140,948495140087353345,2018-01-03 10:03:58,Twitter for Android,0,,2018-01-03,0
70,"RT @oriolamat: Ojo al exceso de manipulación:
La organización internacional Democracy Volunteers critica la parcialidad de mayoría de medio…",140,948495079047561216,2018-01-03 10:03:43,Twitter for Android,0,,2018-01-03,0
71,Vull començar el 2018 recordant que a Espanya hi ha #PresosPolítics per defensar les seves idees. És el moment que… https://t.co/kMdoa6fDGP,139,947780882026332160,2018-01-01 10:45:45,Twitter for Android,22761,,2018-01-01,0
72,"Fracassada la recepta de la violència, de la repressió i del 155, ha de començar l'era del diàleg i la negociació.… https://t.co/PbW6XQDVFD",139,947193200493649920,2017-12-30 19:50:31,Twitter Web Client,20156,,2017-12-30,0
73,"Avui a les 21h podreu seguir el meu discurs de #capdany als meus perfils de Twitter, Facebook i Instagram.",106,947120740322762755,2017-12-30 15:02:35,Twitter for Android,18007,,2017-12-30,0
74,"En record del #presidentMacià, que va demanar als catalans que sabéssim fer-nos dignes de #Catalunya, renovem els n… https://t.co/ThW6Q0swAL",140,945245814150041600,2017-12-25 10:52:18,Twitter for Android,13381,,2017-12-25,0
75,"RT @joseprull: Avui dia de Nadal, amb @jorditurull, fem l'ofrena a la tomba del President Macià en representació del 130è President de la G…",140,945245051797540865,2017-12-25 10:49:16,Twitter for Android,0,,2017-12-25,0
76,Aquesta nit el rei té una oportunitat per començar la rectificació. Espero que aquesta vegada no la perdi.,106,944977214436794368,2017-12-24 17:04:59,Twitter for Android,14922,,2017-12-24,0
77,"Acabem la millor setmana en molt de temps amb una alegria esportiva, i pensant també en com ho hauran gaudit en Quim, l’Oriol i els Jordis.",139,944585044143853568,2017-12-23 15:06:38,Twitter for Android,22971,,2017-12-23,0
78,"La #RepúblicaCatalana ha derrotat la monarquia del 155. Ara cal una rectificació, una reparació i una restitució. L… https://t.co/EioDJkDU1E",140,943993595165540352,2017-12-21 23:56:26,Twitter for Android,23779,,2017-12-21,0
79,"Avui és un dia molt important, no per la Catalunya d'avui sinó per la #Catalunya del futur. I tu Laura representes… https://t.co/NAfkeVvBic",139,943799536794955776,2017-12-21 11:05:19,Twitter for Android,14927,,2017-12-21,1
80,Avui demostrarem de nou la força d'un poble irreductible. Que l'esperit de l'#1oct ens guïi sempre #JuntsxCat #21D https://t.co/tN6miNOIcS,138,943764175716790272,2017-12-21 08:44:48,Twitter for Android,11418,,2017-12-21,0
81,"RT @junqueras: Estimada Neus,
Avui voldria ser amb tu i els nens amb més motius que mai, la casualitat ha volgut que avui faci quatre que e…",140,943763934317830147,2017-12-21 08:43:50,Twitter for Android,0,,2017-12-21,0
82,RT @punsix: Cua a les portes de la sala on es vota a Sant Julià de Ramis. A dins hi ha dues meses amb una urna a cada una. L’habitació està…,140,943763065304158208,2017-12-21 08:40:23,Twitter for Android,0,,2017-12-21,0
83,RT @JuntsXCat: #megamíting - El President té un missatge per a tu. https://t.co/KXOXydtPXP,90,943202447706779649,2017-12-19 19:32:42,Twitter for Android,0,,2017-12-19,0
84,"? 1 hora ? https://t.co/VBc0brnKmv

#JuntsxCat https://t.co/pSoSG3vgAT",70,943187357691535360,2017-12-19 18:32:44,Twitter for Android,1353,,2017-12-19,0
85,"El país no està malalt, està ocupat. El #21D veurem si la ciutadania està d'acord en fer una genuflexió davant el 1… https://t.co/9FuYaqnEE7",140,943153558312153088,2017-12-19 16:18:25,Twitter for Android,9884,,2017-12-19,0
86,RT @elnacionalcat: Un grup d'eurodiputats denuncien a Estremera que no els permeten veure els presos https://t.co/1tv93VGak9,124,943147014711324672,2017-12-19 15:52:25,Twitter for Android,0,,2017-12-19,0
87,"RT @PuigGordi: Una reflexió en les darreres hores de campanya, però pensades pel demà més immediat  https://t.co/CusufdMaIb",123,943146806522863616,2017-12-19 15:51:36,Twitter for Android,0,,2017-12-19,0
88,"El Ministerio de Interior explica #QuéHacerEnUnAtentado. Afegeixo 4 recomanacions:

? No empresonar el polític que… https://t.co/QbqGimGlk7",139,943074004193169408,2017-12-19 11:02:18,Twitter for Android,12675,,2017-12-19,0
89,RT @FT: Exiled Carles Puigdemont plots Catalan election comeback https://t.co/GFGxhHftbq,88,943071204172292096,2017-12-19 10:51:11,Twitter for Android,0,,2017-12-19,0
90,RT @FT: Two months ago ousted Catalan leader Carles Puigdemont's future looked bleak. Now his party is rapidly climbing in the polls https:…,140,943071194252705797,2017-12-19 10:51:08,Twitter for Android,0,,2017-12-19,-1
91,"RT @ARApolitica: Puigdemont: "" ""Si no retiren les causes és que no estan respectant la democràcia i  aleshores Espanya no té un problema am…",140,943071101088948224,2017-12-19 10:50:46,Twitter for Android,0,,2017-12-19,0
92,"RT @JuntsXCat: ?? president @KRLS: “Rajoy no pot liquidar el 130è president de la Generalitat""

? Entrevista a @elpuntavui 
? Llegeix-la: h…",140,943070867277385728,2017-12-19 10:49:50,Twitter for Android,0,,2017-12-19,0
93,"RT @JuntsXCat: ?? president @KRLS: ""El #21D hemos de elegir entre quien quiere minorizar el país, provincializarlo, hacerlo sucursal de Mon…",140,943070792794898432,2017-12-19 10:49:33,Twitter for Android,0,,2017-12-19,0
94,"El pla de Ciutadans, PSC i PP per ""cosir les ferides de la societat catalana"". La política dels ""a por ellos"", dels… https://t.co/qUVxFGazAx",140,942895181057220609,2017-12-18 23:11:43,Twitter for Android,9562,,2017-12-18,0
95,"RT @jordialapreso: A partir del 22 caldrà molta capacitat de diàleg, de fer política en majúscules, de buscar acords per seguir avançant fi…",140,942845328931409920,2017-12-18 19:53:38,Twitter for Android,0,,2017-12-18,0
96,"El #21D no va de persones, va de mantenir la continuïtat d’una institució històrica. Tenim la #RepúblicaCatalana pr… https://t.co/hpsvkHSJCs",140,942793648193892352,2017-12-18 16:28:16,Twitter for Android,7886,,2017-12-18,0
97,RT @324cat: Gràcies a la generositat de la gent s'aconsegueixen 7.215.676 a #LaMaratóTV3 per investigar les malalties infeccioses https://t…,140,942551603848122370,2017-12-18 00:26:28,Twitter for Android,0,,2017-12-18,0
98,? Aquest dimarts (20.30h) connecta’t al https://t.co/VBc0brnKmv de @JuntsXCat | #Megamíting https://t.co/TKGieYGxqm,115,942476331538894848,2017-12-17 19:27:22,Twitter for Android,2852,,2017-12-17,0
99,Molt feliç d'haver ajudat @la_marato des de Brussel·les. Hem recaptat 1.540 euros en una trobada solidària amb més… https://t.co/v3HrB4borR,139,942426068623003649,2017-12-17 16:07:38,Twitter for Android,10366,,2017-12-17,0
100,RT @Verds: Aquest és el 4d7 conjunt que més de 200 castellers de tot Catalunya hem fet per reclamar democràcia i la #LlibertatPresosPolític…,140,942425329506967552,2017-12-17 16:04:42,Twitter for Android,0,,2017-12-17,0
101,"Primer van ""cepillar"" l'Estatut d'autonomia i ara volen ""desinfectar"" la societat catalana. El PSC-PSOE, la cara bo… https://t.co/JySSaKhudM",140,942375089131180032,2017-12-17 12:45:04,Twitter for Android,9651,,2017-12-17,0
102,"RT @JuntsXCat: ?? #president @KRLS: “Si el 155 és rebutjat a les urnes i es respecta el resultat del #21D, tornaré”

? Entrevista a @LaVang…",140,942373478119985152,2017-12-17 12:38:40,Twitter for Android,0,,2017-12-17,0
103,"RT @JuntsXCat: ? #president @KRLS: ""Volem fer un país millor entre tots, on puguem veure fer realitat els nostres somnis. Per fer això ens…",139,942372864384172032,2017-12-17 12:36:13,Twitter for Android,0,,2017-12-17,0
104,"RT @JuntsXCat: ? #president @KRLS: ""Avui és diumenge de @la_marato. L'activitat solidària que torna ensenyar la millor cara de Catalunya al…",140,942372573916037120,2017-12-17 12:35:04,Twitter for Android,0,,2017-12-17,0
105,RT @jordialapreso: Ahir vaig aconseguir que sentíssiu la meva veu. Avui m’han canviat de mòdul dins de la presó.  És la seva reacció a l’ex…,140,942206746352869381,2017-12-17 01:36:08,Twitter for Android,0,,2017-12-17,0
106,"Mentre el PP presumeix de tenir els seus rivals polítics a la presó i de liquidar les institucions, l'Estat llueix… https://t.co/GUdUi3CTGO",139,942076989384650753,2017-12-16 17:00:31,Twitter for Android,7158,,2017-12-16,0
107,"RT @JuntsXCat: ?? #president @KRLS: ""No se’n sortiran. L'escola catalana és un espai de llibertat que absolutament ningú mai podrà engarjol…",140,942074987833384960,2017-12-16 16:52:34,Twitter for Android,0,,2017-12-16,0
108,"RT @JuntsXCat: El #21D: Llum als ulls i força al braç. Gràcies a tots. Guanyarem!

#JuntsXCat https://t.co/HIe0y2KPRg",117,941980289794039813,2017-12-16 10:36:16,Twitter for Android,0,,2017-12-16,0
109,Il·lusionat amb veure el meu @GironaFC amb molts catalans a benefici de @la_marato. Us convido a acompanyar-m’hi aq… https://t.co/KS2ah4VbMe,140,941788659778453509,2017-12-15 21:54:48,Twitter for Android,3070,,2017-12-15,0
110,RT @JuntsXCat: ?? #president @KRLS: “Us vaig dir fa més d’un any: referèndum o referèndum. Ens vam fer confiança uns als altres i vam guany…,140,941766789691772928,2017-12-15 20:27:54,Twitter for Android,0,,2017-12-15,0
111,"RT @JuntsXCat: ?? @jordialapreso: “El mur de la presó m'impedeix ser aquí. Com diu Espriu, tenim la raó contra bords i lladres, però amb la…",140,941766607851933696,2017-12-15 20:27:11,Twitter for Android,0,,2017-12-15,0
112,El #Tripartit155 es presenten com a garants i són piròmans: han volgut crear pànic amb les empreses i ha tingut efe… https://t.co/8TDmr8MX4D,140,941688931006992384,2017-12-15 15:18:31,Twitter for Android,7345,,2017-12-15,0
113,"RT @JuntsXCat: Aquest vespre, fem l'acte central de campanya amb el #president @KRLS i @jordialapreso! A les 19.30h, al Pavelló Municipal d…",140,941688355628122113,2017-12-15 15:16:14,Twitter for Android,0,,2017-12-15,0
114,"RT @JuntsXCat: ?? #president @KRLS: “La voluntat política dels catalans es manté més forta que mai”. Entrevista a @elvallenc, el setmanari…",139,941620558244048896,2017-12-15 10:46:50,Twitter for Android,0,,2017-12-15,0
115,"RT @JuntsXCat: ?? @jordialapreso: ""Només la victòria del #president @KRLS mostrarà al món la insubornable voluntat de Catalunya""

? Entrevi…",140,941620416946241536,2017-12-15 10:46:16,Twitter for Android,0,,2017-12-15,0
116,"RT @JuntsXCat: @joseprull @HoyPorHoy ??#conseller @joseprull a @HoyPorHoy: ""Convocar un referèndum a Espanya no és un delicte i a nosaltres…",140,941620348541374464,2017-12-15 10:46:00,Twitter for Android,0,,2017-12-15,0
117,"RT @jordialapreso: Aquestes 60 nits dormint a la presó, apartat de la Susanna i els meus fills, lluny de Catalunya, em fan més fort, hi vei…",140,941620289481400320,2017-12-15 10:45:46,Twitter for Android,0,,2017-12-15,0
118,"RT @espremulla: Avui fa DOS MESOS de l’ignominiós empresonament preventiu per motius polítics de dos homes justos, bons i pacífics! Exigim…",139,941619938229456896,2017-12-15 10:44:22,Twitter for Android,0,,2017-12-15,0
119,Colpit per les terribles notícies que ens arriben de #Millars. La meva solidaritat i afecte pels familiars de les v… https://t.co/FWQhApZP9l,140,941359484634587137,2017-12-14 17:29:25,Twitter for Android,7742,,2017-12-14,0
120,Amb el 155 cal jurar la Constitució per comprar un estetoscopi https://t.co/UGlGCmFfK9 #JuntsxCat https://t.co/rEivl9B6gM,121,941300046590545921,2017-12-14 13:33:14,Twitter for Android,3190,,2017-12-14,0
121,"RT @JuntsXCat: ? Demà vine a l'acte central de campanya amb el #president @KRLS i @jordialapreso! A les 19.30h, al Pavelló Municipal d'Espo…",140,941275866822250496,2017-12-14 11:57:09,Twitter for Android,0,,2017-12-14,0
122,"RT @PuigGordi: Avui m’ha tocat a mi... us adjunto l’entrevista per si us plau fer-hi una llegida. Apa, bon dia i a treballar, que tot està…",139,941235131066585089,2017-12-14 09:15:17,Twitter for Android,0,,2017-12-14,0
123,"RT @ClaraPonsati: Ens han advertit que depèn de com ens expressem podem tornar a la presó. Sensacional entrevista a @joseprull , llegiu-la.…",140,941235115476291585,2017-12-14 09:15:13,Twitter for Android,0,,2017-12-14,0
124,RT @sergimulero: L’Ajuntament de Dublín aprova hissar la bandera de Catalunya durant un mes en solidaritat amb Barcelona per la repressió p…,140,941235088506916864,2017-12-14 09:15:07,Twitter for Android,0,,2017-12-14,0
125,"Vull compartir amb tots vosaltres la carta de l'Oriol @junqueras. La seva situació, com la del @jordialapreso, en… https://t.co/WzHoROb2zV",138,941068679416107008,2017-12-13 22:13:52,Twitter for Android,13415,,2017-12-13,0
126,"RT @JuntsXCat: ?? #president @KRLS: ""Iceta ha vist que el 155 no passarà el cotó de la democràcia i ha dit que dimitirà si en 2 anys no aco…",140,941068001587195904,2017-12-13 22:11:10,Twitter for Android,0,,2017-12-13,0
127,Vull desitjar una feliç Festa de les Llums a la comunitat jueva de Catalunya. La diversitat en tots els àmbits ens… https://t.co/ttWZaFKs4m,139,941052073197613061,2017-12-13 21:07:52,Twitter for Android,10018,,2017-12-13,0
128,Us convido a participar aquest divendres a l’acte central de @JuntsXCat Us podeu inscriure aquí ?… https://t.co/jMZkScgNNK,122,940986181378101248,2017-12-13 16:46:02,Twitter for Android,1967,,2017-12-13,0
129,"RT @JuntsXCat: ? Perquè torni el president, s’ha de votar el president

#JuntsXCat #21D https://t.co/rEnK1nShqy",111,940975904494321665,2017-12-13 16:05:12,Twitter for Android,0,,2017-12-13,0
130,RT @324cat: Els resultats dels esforços d'un grup d'advocats voluntaris per portar als jutjats l'acció policial durant el #referèndum de l'…,140,940975499056238592,2017-12-13 16:03:36,Twitter for Android,0,,2017-12-13,0
131,La independència és la millor política de benestar que podem fer. Fins a 10.000 euros per família marxen cada any p… https://t.co/YNGHI1JS9w,140,940927688356847616,2017-12-13 12:53:37,Twitter Web Client,7609,,2017-12-13,0
132,RT @elnacionalcat: Els juristes del Col·lectiu Praga denuncien la inconstitucionalitat del 155 https://t.co/3U60d1YR2a,118,940918474020356096,2017-12-13 12:17:00,Twitter Web Client,0,,2017-12-13,0
133,"RT @joanpique1: Fonollosa, Bages, 250 habitants. L'#1O va rebre aquesta visita de 70 guàrdies civils. Es van presentar denúncies per agress…",140,940918367933911040,2017-12-13 12:16:34,Twitter Web Client,0,,2017-12-13,0
134,"RT @diariARA: El port de Barcelona bat rècords amb un augment del 48,5% del tràfic al novembre https://t.co/1gtGLYJjiJ",118,940917714805280768,2017-12-13 12:13:59,Twitter Web Client,0,,2017-12-13,0
135,"RT @JuntsXCat: ?? #president @KRLS: ""En habitatge mai cap govern ha dedicat tants recursos com els dels darrers 5 anys.  Però després l’Est…",140,940916369742233600,2017-12-13 12:08:38,Twitter Web Client,0,,2017-12-13,0
136,"RT @JuntsXCat: ?? @joseprull: ""No tenir un estat a favor és no tenir corredor mediterrani o no tenir els ports de Barcelona i Tarragona ben…",140,940914229196066816,2017-12-13 12:00:08,Twitter Web Client,0,,2017-12-13,0
137,"RT @JuntsXCat: ?? Pare Manel: ""A #JuntsXCat puc aportar l’experiència de molts i molts anys de treball en l’àmbit social, posant d'exemple…",139,940914077920124928,2017-12-13 11:59:32,Twitter Web Client,0,,2017-12-13,1
138,"RT @joseprull: Albiol: «Si guanya l'independentisme, una part de la societat no ha escarmentat». És la concepció democràtica del partit que…",140,940913682099339265,2017-12-13 11:57:57,Twitter Web Client,0,,2017-12-13,0
139,Spanish soldier on top of a tank threatens me and @Pablo_Iglesias_ Unacceptable in the EU. Spanish government must… https://t.co/h2g8yq04dx,139,940807965656961026,2017-12-13 04:57:53,Twitter for Android,5738,,2017-12-13,1
140,Val la pena córrer el risc de sortir del parlament investit president i automàticament ser detingut per les mateixe… https://t.co/edektJTaas,140,940650294026829826,2017-12-12 18:31:21,Twitter Web Client,9318,,2017-12-12,0
141,RT @joseprull: Nova conseqüència del 155: impunitat total perquè el Govern del PP i @idlserna deixin en paper mullat els seus compromisos e…,140,940640046755078145,2017-12-12 17:50:38,Twitter for Android,0,,2017-12-12,0
142,"RT @JuntsXCat: ?? #president @KRLS: ""Els qui no vau fallar el #9N, el #27S i l’#1Oct, tampoc fallareu el #21D. Cada vegada hi ha més vots a…",140,940639854857261061,2017-12-12 17:49:52,Twitter for Android,0,,2017-12-12,0
143,RT @IvanMonforte: Què és el més fàcil quan no ets capaç de fer ni una sola proposta decent en ple segle XXI? Tombar les propostes decents q…,140,940639771512266753,2017-12-12 17:49:32,Twitter for Android,0,,2017-12-12,1
144,"Això és el 155. Les lleixes on s'exhibia el patrimoni cultural, buides. Volen deixar el país així, buit, empobrit,… https://t.co/tdlq5WXcQn",139,940314040005545988,2017-12-11 20:15:11,Twitter for Android,12851,,2017-12-11,1
145,"RT @JuntsXCat: ??El 155 també és l'espoli de les obres de #Sixena. El #21D: imposició o nació, Rajoy o #president @KRLS

#JuntsXCat https:/…",140,940306910573670401,2017-12-11 19:46:52,Twitter for Android,0,,2017-12-11,0
146,"Amb nocturnitat i utilitzant una policia militaritzada, com sempre, tot aprofitant un cop d'estat per espoliar Cata… https://t.co/g0BojNv1eq",140,940128495983890432,2017-12-11 07:57:54,Twitter for Android,15926,,2017-12-11,0
147,"RT @JuntsXCat: ??El #21D triem entre cinisme o dignitat. Triem entre Rajoy o el #president @KRLS!

#JuntsXCat https://t.co/EE5sRmjKC6",133,939965574628519936,2017-12-10 21:10:31,Twitter for Android,0,,2017-12-10,0
148,"No és digne d'una democràcia que es jutgi un president i un govern per haver complert el seu mandat polític, i no h… https://t.co/9t0yj2gDvR",140,939838372247474178,2017-12-10 12:45:03,Twitter Web Client,11081,,2017-12-10,0
149,"Ho vaig demanar fa dies i ara ho exigeixo: PP, PSC i Ciudadanos respectaran els resultats del #21D o engarjolaran s… https://t.co/QnnDtl3xSV",140,939584785667805184,2017-12-09 19:57:24,Twitter for Android,9550,,2017-12-09,0
150,"El #21D hem de dir 'no' a la retallada de llibertats, a la repressió i a la violència. Hem de dir 'sí' a Catalunya,… https://t.co/UuZLKYcMw0",140,939498012912635904,2017-12-09 14:12:35,Twitter for Android,10546,,2017-12-09,0
151,"RT @RTBFinfo: Les médias publics catalans n'ont pas retransmis la manifestation à Bruxelles, de peur des représailles de Madrid https://t.c…",140,939496618377793536,2017-12-09 14:07:03,Twitter for Android,0,,2017-12-09,0
152,RT @324cat: Manifest conjunt dels Museus d'Art de Catalunya contra el trasllat de les obres de Sixena https://t.co/X4ov37W40I https://t.co/…,140,939495912484851712,2017-12-09 14:04:15,Twitter for Android,0,,2017-12-09,0
153,"RT @JuntsXCat: ?? #president @KRLS als alcaldes: “Representeu la dignitat, la fidelitat, el compromís i l’arrelament del nostre projecte al…",140,939471097401049090,2017-12-09 12:25:38,Twitter for Android,0,,2017-12-09,0
154,"RT @JuntsXCat: ?? #president @KRLS:""Som la llista que més s’assembla a les cues de l’#1Oct. Fem gran la proposta que derrotarà Rajoy. Per a…",140,939245083370639360,2017-12-08 21:27:32,Twitter for Android,0,,2017-12-08,0
155,"Empresonar, coartar, mentir... Qui reté a membres del meu govern? Qui utilitza la justícia com vol? Qui fa i desfà… https://t.co/gyG1yvkEoL",139,939160272173924353,2017-12-08 15:50:32,Twitter for Android,10692,,2017-12-08,0
156,"RT @GemmaGeis: Missatge del #president @KRLS:

""Som la llista que el #tripartit155 té por que guanyi. Us demano que ens voteu, m'agradaria…",139,939156099340689409,2017-12-08 15:33:57,Twitter for Android,0,,2017-12-08,0
157,"RT @JuntsXCat: ?? #president @KRLS: ""Catalunya serà un estat modern, sobirà i just si és capaç de situar-se a l'avantguarda democràtica d’E…",140,939152303755493377,2017-12-08 15:18:52,Twitter for Android,0,,2017-12-08,1
158,"RT @JuntsXCat: ?? #president @KRLS: ""Les mateixes idees que et porten a la presidència, no et poden portar a la presó. Si els ciutadans dei…",140,939152232825704448,2017-12-08 15:18:35,Twitter for Android,0,,2017-12-08,0
159,RT @joseprull: Frivolitzar la presó i el patiment dels altres demostra l’altura moral d’aquesta gent. I aquí rau la diferència: nosaltres m…,140,939152177939009537,2017-12-08 15:18:22,Twitter for Android,0,,2017-12-08,0
160,Moltes gràcies a tots els que heu vingut a Brussel·les i a tots els que hauríeu volgut ser-hi. Ens heu donat una fo… https://t.co/GFAlYDHwC0,140,938850758241521664,2017-12-07 19:20:38,Twitter for Android,34196,,2017-12-07,0
161,RT @elnacionalcat: Bombers catalans donen sang com agraïment per haver acollit el Govern exiliat https://t.co/4WXlkx07Fo,120,938848449012862979,2017-12-07 19:11:27,Twitter for Android,0,,2017-12-07,0
162,En #JordiSànchez no té el seu mòbil. Us demano que seguiu aquest nou perfil (@jordialapreso) on es publiquen els se… https://t.co/n4dTt0cqoF,140,938694243190738944,2017-12-07 08:58:42,Twitter for Android,6961,,2017-12-07,0
163,RT @StevensHelga: Many Catalans on the train from Ghent to Brussels! I am also joining the Catalan march in Brussels: “Europe Wake Up. Demo…,140,938692044922474496,2017-12-07 08:49:58,Twitter for Android,0,,2017-12-07,1
164,"Estimats @junqueras, @quimforn, @jordialapreso i @jcuixart, us tenim presents en tot moment i en tot el que fem. Un… https://t.co/Fbc6jEm7Jw",140,938552294001561600,2017-12-06 23:34:39,Twitter for Android,10109,,2017-12-06,0
165,"RT @JuntsXCat: ?? #president @KRLS: ""Es pensen que perseguint-nos, empresonant-nos i vexant-nos estaran empresonant les nostres institucion…",140,938550964948267009,2017-12-06 23:29:22,Twitter for Android,0,,2017-12-06,0
166,"RT @JuntsXCat: ?? #president @KRLS: ""Quan les lleis les fan ells i, quan la justícia l’administren ells, són molt valents. Però quan ja no…",139,938550913572179968,2017-12-06 23:29:09,Twitter for Android,0,,2017-12-06,0
167,Molt agraït per la carta dels treballadors de Presidència @ADIC_PRE. La vostra lleialtat a les nostres legítimes in… https://t.co/DUvzhwkPsa,140,938505775093354496,2017-12-06 20:29:48,Twitter for Android,5730,,2017-12-06,0
168,"Tots junts construirem un país millor. Junts per Catalunya, també a Brussel·les! #JuntsxCat https://t.co/qfdCXSDWXu",115,938422729165991936,2017-12-06 14:59:48,Twitter for Android,7300,,2017-12-06,0
169,"RT @JuntsXCat: ?? #president @KRLS: ""Hem d'exigir al tripartit del 155 que abandoni la fantasia de voler governar Catalunya contra el crite…",140,938161147861176321,2017-12-05 21:40:22,Twitter for Android,0,,2017-12-05,0
170,"?Parla
???Canta
?Defensa't
?Imprimeix
?Piula 
????Baixa al carrer
?Penja coses al balcó
?Pica cassoles
?Ves de groc… https://t.co/IBJYodCna1",140,937954964307103745,2017-12-05 08:01:04,Twitter for Android,19733,,2017-12-05,0
171,"RT @rac1: Catalunya va aportar a l’Estat 16.500 milions d’euros més dels que va rebre en inversions, segons els comptes de la Generalitat h…",140,937952445975711744,2017-12-05 07:51:04,Twitter for Android,0,,2017-12-05,0
172,Estic parlant amb el consellers i conselleres que han sortit avui de la presó. L’alegria no ens treu la indignació… https://t.co/6ZWE2Z2IxD,139,937795703509803008,2017-12-04 21:28:13,Twitter for Android,21023,,2017-12-04,0
173,"Ens ha deixat Carles Santos, un dels músics més autèntics i genuïns, i amb més projecció global. Et trobarem a falt… https://t.co/HWTg2WMkHW",140,937759943326883842,2017-12-04 19:06:07,Twitter for Android,3336,,2017-12-04,0
174,La violència dels vostres somriures és el que us reté a presó. La fortalesa del vostre esperit democràtic és el que… https://t.co/CxyfSG9PLu,140,937657636056690688,2017-12-04 12:19:35,Twitter for Android,18258,,2017-12-04,0
175,"RT @JuntsXCat: ? Llibertat, presos polítics!

??Treballarem incansablement fins que tots torneu a casa!

#JuntsXCat https://t.co/tr5pfoMZgv",139,937629716105912320,2017-12-04 10:28:39,Twitter for Android,0,,2017-12-04,0
176,"El camí de la no violència és més lent i pot confondre, però també és més segur i té més suport. I el #21D cal vota… https://t.co/Ek97z7L9gp",140,937441283810918405,2017-12-03 21:59:53,Twitter for Android,8792,,2017-12-03,0
177,"RT @JuntsXCat: ? Vine a l'acte d'inici de campanya!

? Dilluns, a les 21h
? Edifici Imagina (Av. Diagonal, 177. Barcelona)

#JuntsXCat http…",140,937371371105079296,2017-12-03 17:22:05,Twitter for Android,0,,2017-12-03,0
178,"Solidaritat, empatia, esperit de superació... cada any @la_marato mostra al món les millors qualitats del poble cat… https://t.co/5ExXWQ9Xqy",140,937082101433880576,2017-12-02 22:12:37,Twitter for Android,5808,,2017-12-02,0
179,"RT @JuntsXCat: ? Som la llista de la unitat, la dignitat i l'esperança. Avui hem presentat la candidatura a Sant Julià de Ramis.

? Encarem…",140,937080101858103302,2017-12-02 22:04:41,Twitter for Android,0,,2017-12-02,0
180,"La cadena de solidaritats ens ajuda a mantenir viva l'esperança, a continuar dempeus, a seguir persistint i lluitan… https://t.co/xrWxKMIRNR",140,937036541578416129,2017-12-02 19:11:35,Twitter Web Client,12433,,2017-12-02,0
181,"Vull recordar l'#1Oct amb dues imatges: la de l'esperança per crear un nou país, i la de la brutal repressió polici… https://t.co/KyOvrAdW3v",140,936646114291408896,2017-12-01 17:20:10,Twitter for Android,12798,,2017-12-01,-1
182,"RT @JuntsXCat: ? Demà, vine a l’acte de presentació de la llista!

????? Amb el #president @KRLS
? 11.30h
? Sant Julià de Ramis

? Segueix-…",140,936642179853938688,2017-12-01 17:04:32,Twitter for Android,0,,2017-12-01,0
183,"Jordis, conselleres i consellers empresonats, us volem a casa. Heu de sortir de la presó perquè no hi hauríeu d’hav… https://t.co/WxCc8vjq1j",140,936496417694154752,2017-12-01 07:25:19,Twitter for Android,24106,,2017-12-01,0
184,"Congrats and best wishes to the new prime minister of Iceland @katrinjak, Katrin Jakobsdottir. She is 41 and mother… https://t.co/rkxXoqcsOb",140,936302123301654528,2017-11-30 18:33:16,Twitter for Android,9532,,2017-11-30,1
185,"En la nova realitat espanyola el color groc és delictiu, les bales de goma joguets a les escoles, els bons catòlics… https://t.co/yMoT22VM09",140,936220935908155394,2017-11-30 13:10:39,Twitter for Android,24650,,2017-11-30,0
186,"La candidatura de @juntsxcat és la llista de la unitat, la dignitat i l’esperança. Ajuda'ns a fer una campanya hist… https://t.co/v9BBT8sSvu",140,935985073735823360,2017-11-29 21:33:25,Twitter Web Client,5530,,2017-11-29,0
187,"Estrenem el web de @juntsxcat. Entra-hi, difon-lo, fes-te'n voluntari i ajuda'ns amb una aportació. Junts guanyarem… https://t.co/o1EtCLjsYf",140,935791063608053760,2017-11-29 08:42:30,Twitter for iPhone,5133,,2017-11-29,0
188,"RT @JuntsXCat: ? #president @KRLS: ""La campanya de #juntsxcat vol dir prou al 155, prou a la retallades de llibertat. Volem restituir la de…",140,935598929684688896,2017-11-28 19:59:02,Twitter for Android,0,,2017-11-28,0
189,"Molt content de veure’m amb l’alcalde de Gironella, @david_font, que em porta el suport de tantes persones de la se… https://t.co/XHslUyyCno",140,935587940717268992,2017-11-28 19:15:22,Twitter for Android,4766,,2017-11-28,0
190,"La política espanyola té un greu problema amb la discrepància: quan no té raó, acusa els altres de perdre el cap. A… https://t.co/pWnIeeityx",140,935547257352531969,2017-11-28 16:33:42,Twitter for Android,7540,,2017-11-28,0
191,RT @ClaraPonsati: Garanties ...  https://t.co/eyHmkIXXJ5,56,935545969948680193,2017-11-28 16:28:35,Twitter for Android,0,,2017-11-28,0
192,RT @BBCWorld: Behind bars https://t.co/szExVOTvG2,49,935545862398279681,2017-11-28 16:28:09,Twitter for Android,0,,2017-11-28,-1
193,RT @MonDiari: Ripoll exigeix a Madrid explicacions sobre la vinculació de l'imam amb el CNI https://t.co/EPc5NRSt3z,115,935545215632461825,2017-11-28 16:25:35,Twitter for Android,0,,2017-11-28,0
194,RT @CatalunyaRadio: ? El saló @ibtmworld que se celebra a @Fira_Barcelona constata que el turisme de negocis continua apostant per #Barcelo…,140,935544899805614085,2017-11-28 16:24:20,Twitter for Android,0,,2017-11-28,0
195,RT @PuigGordi: Un pont més trencat. Així volen restablir el diàleg ?  https://t.co/qPhghOOK3t,93,935544735279828992,2017-11-28 16:23:41,Twitter for Android,0,,2017-11-28,0
196,"Commogut per la mort de la Patricia Gabancho. Trobarem a faltar el seu compromís, la seva empenta i el seu caràcter https://t.co/eUH52QBgWF",139,935506434141368320,2017-11-28 13:51:29,Twitter for Android,6656,,2017-11-28,0
197,"RT @JuntsXCat: ? 'Puigdemont, el nostre president'

?? Aquest és el nostre eslògan i la imatge de campanya pel #21D

#JuntsXCat https://t.c…",140,935472909849645056,2017-11-28 11:38:16,Twitter for Android,0,,2017-11-28,0
198,"RT @JuntsXCat: ?? @elsa_artadi: ""L'objectiu del #21D és restaurar la democràcia i les institucions i seguir treballant amb el mandat de l’#…",140,935472858779869184,2017-11-28 11:38:04,Twitter for Android,0,,2017-11-28,0
199,Ha estat un goig reveure pràcticament tots els alcaldes de l’Alt Urgell aprofitant la visita que han fet al Parlame… https://t.co/PqYcLpnUYs,140,935262177103138816,2017-11-27 21:40:54,Twitter Web Client,10467,,2017-11-27,0
